Drug,Target gene,Chromosome,Position (hg19),Function
ACEI,ACE,17,61554422-61599205,Gene
ACEI,ACE,17,61551058-61556950,Promoter/Enhancer
ACEI,ACE,17,61562201-61562303,Promoter/Enhancer
ACEI,ACE,17,61508611-61515166,Promoter/Enhancer
ACEI,ACE,17,61626418-61630304,Promoter/Enhancer
ACEI,ACE,17,61431510-61431613,Enhancer
ACEI,ACE,17,62090924-62103850,Promoter/Enhancer
ACEI,ACE,17,61497048-61498662,Enhancer
ACEI,ACE,17,61505277-61506104,Enhancer
ACEI,ACE,17,61689560-61689960,Enhancer
ACEI,ACE,17,61594421-61594870,Enhancer
ACEI,ACE,17,61502881-61503030,Enhancer
ACEI,ACE,17,61656647-61657871,Enhancer
ACEI,ACE,17,61500762-61501161,Enhancer
ACEI,ACE,17,60855121-60860435,Enhancer
ACEI,ACE,17,61574731-61577281,Enhancer
ACEI,ACE,17,60972606-60973907,Enhancer
ARB,AGTR1,3,148415571-148460795,Gene
ARB,AGTR1,3,148415061-148416388,Promoter/Enhancer
ARB,AGTR1,3,148366071-148367473,Enhancer
ARB,AGTR1,3,148441102-148442130,Enhancer
ARB,AGTR1,3,148360847-148362186,Enhancer
ARB,AGTR1,3,148360520-148360788,Enhancer
ARB,AGTR1,3,148899476-148899525,Enhancer
BB,ADRB1,10,115803806-115806667,Gene
BB,ADRB1,10,115802241-115807338,Promoter/Enhancer
BB,ADRB1,10,115716558-115722360,Enhancer
BB,ADRB1,10,115706609-115708137,Enhancer
BB,ADRB1,10,115824009-115824850,Enhancer
BB,ADRB1,10,115548188-115549279,Enhancer
BB,ADRB1,10,115833610-115834154,Enhancer
BB,ADRB1,10,115704333-115705870,Enhancer
BB,ADRB1,10,116441242-116446390,Promoter/Enhancer
BB,ADRB1,10,115842035-115843254,Enhancer
BB,ADRB1,10,115784258-115788102,Enhancer
BB,ADRB1,10,115725160-115725959,Enhancer
BB,ADRB1,10,115697701-115697810,Enhancer
BB,ADRB1,10,115741347-115744110,Enhancer
BB,ADRB1,10,115782141-115782270,Enhancer
BB,ADRB1,10,115559441-115559610,Enhancer
BB,ADRB1,10,115841821-115841970,Enhancer
BB,ADRB1,10,115826224-115827332,Enhancer
BB,ADRB1,10,115827575-115828874,Enhancer
BB,ADRB1,10,115910708-115912162,Enhancer
BB,ADRB1,10,115752960-115753842,Enhancer
BB,ADRB1,10,115651401-115651550,Enhancer
BB,ADRB1,10,115683621-115684573,Enhancer
BB,ADRB1,10,115758960-115759559,Enhancer
BB,ADRB1,10,116457630-116458961,Enhancer
BB,ADRB1,10,115561321-115561530,Enhancer
BB,ADRB1,10,115625638-115626159,Enhancer
BB,ADRB1,10,116437959-116439282,Enhancer
BB,ADRB1,10,115789385-115790216,Enhancer
BB,ADRB1,10,115800822-115802086,Enhancer
BB,ADRB1,10,115799814-115800507,Enhancer
CCB,CACNA1S,1,201008640-201081694,Gene
CCB,CACNA1S,1,201082861-201084129,Promoter/Enhancer
CCB,CACNA1S,1,201079942-201082115,Enhancer
CCB,CACNA1S,1,201122647-201124394,Promoter/Enhancer
CCB,CACNA1S,1,201274996-201282487,Enhancer
CCB,CACNA1S,1,201012141-201012270,Enhancer
CCB,CACNA1S,1,201263489-201273426,Enhancer
CCB,CACNA1S,1,200941201-200941350,Enhancer
CCB,CACNA1S,1,201106054-201107629,Enhancer
CCB,CACNA1S,1,201056384-201057751,Enhancer
CCB,CACNA1S,1,201057880-201061411,Enhancer
CCB,CACNA1S,1,201111781-201111890,Enhancer
CCB,CACNA1S,1,201063580-201070116,Enhancer
CCB,CACNA1S,1,201071203-201078371,Enhancer
CCB,CACNA1S,1,201032066-201032442,Enhancer
CCB,CACNA1F,X,49061523-49089833,Gene
CCB,CACNA1F,X,49091301-49092868,Promoter/Enhancer
CCB,CACNA1F,X,49089792-49089851,Promoter
CCB,CACNA1F,X,49086401-49088145,Enhancer
CCB,CACNA1F,X,49044793-49049057,Enhancer
CCB,CACNA1F,X,49122932-49127611,Promoter/Enhancer
CCB,CACNA1F,X,49056201-49057353,Promoter/Enhancer
CCB,CACNA1F,X,49019538-49025109,Promoter/Enhancer
CCB,CACNA1F,X,49040381-49044351,Promoter/Enhancer
CCB,CACNA1F,X,48915921-48920218,Promoter/Enhancer
CCB,CACNA1F,X,49093233-49093850,Enhancer
CCB,CACNA1F,X,49085421-49085530,Enhancer
CCB,CACNA1F,X,49066401-49066570,Enhancer
CCB,CACNA1F,X,49065861-49066060,Enhancer
CCB,CACNA1D,3,53528683-53847760,Gene
CCB,CACNA1D,3,53526751-53529027,Promoter/Enhancer
CCB,CACNA1D,3,53529053-53530500,Promoter/Enhancer
CCB,CACNA1D,3,53361979-53363570,Enhancer
CCB,CACNA1D,3,53551784-53554581,Enhancer
CCB,CACNA1D,3,53558098-53559174,Enhancer
CCB,CACNA1D,3,53379987-53382717,Promoter/Enhancer
CCB,CACNA1D,3,53859957-53860202,Enhancer
CCB,CACNA1D,3,53384627-53385227,Enhancer
CCB,CACNA1D,3,53388806-53389878,Enhancer
CCB,CACNA1D,3,53354541-53355561,Enhancer
CCB,CACNA1D,3,53511553-53514862,Enhancer
CCB,CACNA1D,3,53457125-53457810,Enhancer
CCB,CACNA1D,3,53539797-53541150,Enhancer
CCB,CACNA1D,3,53531730-53534232,Enhancer
CCB,CACNA1D,3,53405028-53405227,Enhancer
CCB,CACNA1D,3,53559666-53560346,Enhancer
CCB,CACNA1D,3,53698941-53699090,Enhancer
CCB,CACNA1D,3,53604273-53605793,Enhancer
CCB,CACNA1D,3,53742028-53742227,Enhancer
CCB,CACNA1D,3,53664741-53664930,Enhancer
CCB,CACNA1D,3,53714181-53714330,Enhancer
CCB,CACNA1D,3,53664161-53664290,Enhancer
CCB,CACNA1D,3,53647109-53647870,Enhancer
CCB,CACNA1D,3,53568043-53568300,Enhancer
CCB,CACNA1D,3,53707221-53707290,Enhancer
CCB,CACNA1D,3,53723669-53724036,Enhancer
CCB,CACNA1D,3,53741428-53741627,Enhancer
CCB,CACNA1D,3,53787436-53788581,Enhancer
CCB,CACNA1D,3,53793207-53793702,Enhancer
CCB,CACNA1D,3,53796777-53798080,Enhancer
CCB,CACNA1D,3,53798222-53799233,Enhancer
CCB,CACNA1D,3,53810959-53811945,Enhancer
CCB,CACNA1D,3,53809709-53810892,Enhancer
CCB,CACNA1D,3,53817819-53818839,Enhancer
CCB,CACNA1D,3,53828693-53829307,Enhancer
CCB,CACNA1D,3,53829341-53829430,Enhancer
CCB,CACNA1D,3,53838172-53842050,Enhancer
CCB,CACNA1D,3,53744028-53744627,Enhancer
CCB,CACNA1D,3,53759658-53759955,Enhancer
CCB,CACNA1D,3,53843873-53844716,Enhancer
CCB,CACNA1D,3,53802862-53803908,Enhancer
CCB,CACNA1D,3,53806640-53808437,Enhancer
CCB,CACNA1D,3,53801465-53802329,Enhancer
CCB,CACNA1D,3,53782002-53784852,Enhancer
CCB,CACNA1D,3,53777569-53779058,Enhancer
CCB,CACNA1D,3,53764428-53765080,Enhancer
CCB,CACNA1D,3,53766775-53767435,Enhancer
CCB,CACNA2D1,7,81575760-82073114,Gene
CCB,CACNA2D1,7,82071056-82074330,Promoter/Enhancer
CCB,CACNA2D1,7,82039597-82041108,Enhancer
CCB,CACNA2D1,7,82223184-82225724,Enhancer
CCB,CACNA2D1,7,82171489-82172576,Enhancer
CCB,CACNA2D1,7,82164161-82164310,Enhancer
CCB,CACNA2D1,7,82063702-82063952,Enhancer
CCB,CACNA2D1,7,81584968-81585322,Enhancer
CCB,CACNA2D1,7,81858656-81858971,Enhancer
CCB,CACNA2D1,7,82057141-82058356,Enhancer
CCB,CACNA2D1,7,82059961-82060110,Enhancer
CCB,CACNA2D1,7,82013345-82013689,Enhancer
CCB,CACNA2D1,7,81785601-81785750,Enhancer
CCB,CACNA2D1,7,81948701-81949880,Enhancer
CCB,CACNA2D1,7,81833679-81834445,Enhancer
CCB,CACNA2D1,7,81734523-81735564,Enhancer
CCB,CACNA2D1,7,82034101-82034250,Enhancer
CCB,CACNA2D1,7,81920961-81922045,Enhancer
CCB,CACNA2D1,7,81709702-81710455,Enhancer
CCB,CACNA2D1,7,81914377-81914723,Enhancer
CCB,CACNA2D1,7,81808741-81808930,Enhancer
CCB,CACNA2D1,7,81739157-81739440,Enhancer
CCB,CACNA2D1,7,81916621-81916770,Enhancer
CCB,CACNA2D1,7,81787741-81787827,Enhancer
CCB,CACNA2D1,7,81946361-81947530,Enhancer
CCB,CACNA2D1,7,81941894-81943091,Enhancer
CCB,CACNA2D1,7,81915266-81916265,Enhancer
CCB,CACNA2D1,7,81914861-81914999,Enhancer
CCB,CACNA2D1,7,81809481-81810272,Enhancer
CCB,CACNA2D1,7,81739641-81739790,Enhancer
CCB,CACNA2D1,7,81841421-81842618,Enhancer
CCB,CACNA2D1,7,81813081-81813230,Enhancer
CCB,CACNA2D1,7,81590210-81590492,Enhancer
CCB,CACNA2D1,7,81678694-81681663,Enhancer
CCB,CACNA2D1,7,81664197-81666962,Enhancer
CCB,CACNA2D2,3,50400230-50541675,Gene
CCB,CACNA2D2,3,50540431-50541530,Promoter/Enhancer
CCB,CACNA2D2,3,50535234-50535293,Promoter
CCB,CACNA2D2,3,51420877-51430387,Promoter/Enhancer
CCB,CACNA2D2,3,50510252-50511323,Enhancer
CCB,CACNA2D2,3,50624952-50631056,Enhancer
CCB,CACNA2D2,3,50486750-50489034,Enhancer
CCB,CACNA2D2,3,50552257-50555213,Enhancer
CCB,CACNA2D2,3,50557041-50557190,Enhancer
CCB,CACNA2D2,3,50560739-50564041,Enhancer
CCB,CACNA2D2,3,50483138-50484199,Enhancer
CCB,CACNA2D2,3,50484337-50485546,Enhancer
CCB,CACNA2D2,3,50473601-50473790,Enhancer
CCB,CACNA2D2,3,50464650-50466328,Enhancer
CCB,CACNA2D2,3,50401766-50403767,Promoter/Enhancer
CCB,CACNA2D2,3,50479739-50481683,Enhancer
CCB,CACNA2D2,3,50472754-50473413,Enhancer
CCB,CACNA2D2,3,50467315-50469064,Enhancer
CCB,CACNA2D2,3,50427643-50429192,Enhancer
CCB,CACNA2D2,3,50410601-50411305,Enhancer
CCB,CACNA2D2,3,50491422-50491591,Enhancer
CCB,CACNA2D2,3,50425346-50425879,Enhancer
CCB,CACNA2D2,3,50411624-50411893,Enhancer
CCB,CACNB1,17,37329709-37353956,Gene
CCB,CACNB1,17,37330363-37331930,Enhancer
CCB,CACNB1,17,37170207-37173852,Enhancer
CCB,CACNB1,17,37392822-37395535,Enhancer
CCB,CACNB1,17,37512839-37515343,Enhancer
CCB,CACNB1,17,37401081-37401270,Enhancer
CCB,CACNB1,17,37401361-37401510,Enhancer
CCB,CACNB1,17,37174255-37175468,Enhancer
CCB,CACNB1,17,37332121-37332270,Enhancer
CCB,CACNB1,17,37333681-37333850,Enhancer
CCB,CACNB1,17,37395941-37396110,Enhancer
CCB,CACNB1,17,37364621-37367146,Enhancer
CCB,CACNB1,17,37427341-37427490,Enhancer
CCB,CACNB1,17,37326315-37327866,Enhancer
CCB,CACNB1,17,37325454-37325653,Enhancer
CCB,CACNB1,17,37328301-37328450,Enhancer
CCB,CACNB1,17,37329881-37330030,Enhancer
CCB,CACNB1,17,37420122-37420730,Enhancer
CCB,CACNB1,17,37566364-37566971,Enhancer
CCB,CACNB1,17,37749329-37749495,Enhancer
CCB,CACNB1,17,37334901-37335070,Enhancer
CCB,CACNB1,17,37334100-37334787,Enhancer
CCB,CACNB2,10,18429606-18830798,Gene
CCB,CACNB2,10,18428674-18431380,Promoter/Enhancer
CCB,CACNB2,10,18688989-18690673,Promoter/Enhancer
CCB,CACNB2,10,18629529-18630129,Promoter
CCB,CACNB2,10,18549618-18549677,Promoter
CCB,CACNB2,10,18452390-18454590,Enhancer
CCB,CACNB2,10,18467498-18470172,Enhancer
CCB,CACNB2,10,18451281-18451430,Enhancer
CCB,CACNB2,10,18493061-18493210,Enhancer
CCB,CACNB2,10,18592794-18593791,Enhancer
CCB,CACNB2,10,18725955-18730327,Enhancer
CCB,CACNB2,10,18473833-18475245,Enhancer
CCB,CACNB2,10,18383961-18384110,Enhancer
CCB,CACNB2,10,18475337-18476696,Enhancer
CCB,CACNB2,10,18406301-18406450,Enhancer
CCB,CACNB2,10,18759506-18760793,Enhancer
CCB,CACNB2,10,18550812-18550951,Enhancer
CCB,CACNB2,10,18775187-18776352,Enhancer
CCB,CACNB2,10,18700589-18701887,Enhancer
CCB,CACNB2,10,18578722-18579070,Enhancer
CCB,CACNB2,10,18433444-18435058,Enhancer
CCB,CACNB2,10,18447501-18448892,Enhancer
CCB,CACNB2,10,18446528-18447484,Enhancer
CCB,CACNB2,10,18534018-18534028,Enhancer
CCB,CACNB2,10,18435549-18436688,Enhancer
CCB,CACNB2,10,18504001-18504170,Enhancer
CCB,CACNB2,10,18486006-18486731,Enhancer
CCB,CACNB2,10,18707269-18708134,Enhancer
CCB,CACNB2,10,18527921-18528030,Enhancer
CCB,CACNB2,10,18522241-18522992,Enhancer
CCB,CACNB2,10,18505561-18505670,Enhancer
CCB,CACNB2,10,18601402-18602376,Enhancer
CCB,CACNB2,10,18436916-18441361,Enhancer
CCB,CACNB2,10,18482789-18485238,Enhancer
CCB,CACNB2,10,18333406-18335050,Enhancer
CCB,CACNB2,10,18790055-18790529,Enhancer
CCB,CACNB2,10,18691881-18692030,Enhancer
CCB,CACNB2,10,18688181-18688330,Enhancer
CCB,CACNB2,10,18567741-18568674,Enhancer
CCB,CACNB2,10,18621941-18623677,Enhancer
CCB,CACNB2,10,18762421-18762610,Enhancer
CCB,CACNB2,10,18760801-18761292,Enhancer
CCB,CACNB2,10,18712923-18713793,Enhancer
CCB,CACNB2,10,18745609-18746373,Enhancer
CCB,CACNB2,10,18514101-18514250,Enhancer
CCB,CACNB2,10,18348427-18349711,Enhancer
CCB,CACNB2,10,18583664-18583897,Enhancer
CCB,CACNB2,10,18738269-18739296,Enhancer
CCB,CACNB2,10,18744481-18744630,Enhancer
CCB,CACNB2,10,18744181-18744330,Enhancer
CCB,CACNB2,10,18528875-18530208,Enhancer
CCB,CACNB2,10,18718065-18718645,Enhancer
CCB,CACNB2,10,18751830-18756160,Enhancer
CCB,CACNB2,10,18749922-18751579,Enhancer
CCB,CACNB2,10,18579741-18580614,Enhancer
CCB,CACNB2,10,18567265-18567424,Enhancer
CCB,CACNB2,10,18648500-18649316,Enhancer
CCB,CACNB2,10,18702212-18703692,Enhancer
CCB,CACNB2,10,18703721-18704168,Enhancer
CCB,CACNB2,10,18778915-18780659,Enhancer
CCB,CACNB2,10,18787912-18789147,Enhancer
CCB,CACNB2,10,18792942-18793535,Enhancer
CCB,CACNB2,10,18817341-18817490,Enhancer
CCB,CACNB2,10,18816741-18816890,Enhancer
CCB,CACNB2,10,18740308-18740990,Enhancer
CCB,CACNB2,10,18741628-18742721,Enhancer
CCB,CACNB2,10,18732026-18732639,Enhancer
CCB,CACNB2,10,18723647-18724379,Enhancer
CCB,CACNB3,12,49207577-49222726,Gene
CCB,CACNB3,12,49203763-49210435,Promoter/Enhancer
CCB,CACNB3,12,49211575-49213450,Promoter/Enhancer
CCB,CACNB3,12,49448916-49455655,Promoter/Enhancer
CCB,CACNB3,12,49108721-49111783,Promoter/Enhancer
CCB,CACNB3,12,49522862-49527437,Promoter/Enhancer
CCB,CACNB3,12,49657029-49663594,Promoter/Enhancer
CCB,CACNB3,12,49180347-49184467,Promoter/Enhancer
CCB,CACNB3,12,48225635-48230585,Enhancer
CCB,CACNB3,12,49687781-49689222,Promoter/Enhancer
CCB,CACNB3,12,49147321-49147490,Enhancer
CCB,CACNB3,12,49173178-49175941,Enhancer
CCB,CACNB3,12,49159161-49159930,Enhancer
CCB,CACNB3,12,49580149-49584425,Promoter/Enhancer
CCB,CACNB3,12,49162061-49162210,Enhancer
CCB,CACNB3,12,49144534-49144559,Enhancer
CCB,CACNB3,12,49160229-49161861,Enhancer
CCB,CACNB3,12,49179679-49180345,Enhancer
CCB,CACNB3,12,49217901-49218190,Enhancer
CCB,CACNB3,12,49267159-49267283,Enhancer
CCB,CACNB4,2,152689285-152955593,Gene
CCB,CACNB4,2,152954056-152956046,Promoter/Enhancer
CCB,CACNB4,2,152830115-152830847,Promoter/Enhancer
CCB,CACNB4,2,152918555-152920030,Enhancer
CCB,CACNB4,2,152894160-152895545,Enhancer
CCB,CACNB4,2,152851019-152853401,Enhancer
CCB,CACNB4,2,152910872-152912587,Enhancer
CCB,CACNB4,2,152855681-152855810,Enhancer
CCB,CACNB4,2,152882049-152882769,Enhancer
CCB,CACNB4,2,152779338-152780439,Enhancer
CCB,CACNB4,2,152803715-152805070,Enhancer
CCB,CACNB4,2,152906315-152907630,Enhancer
CCB,CACNB4,2,153308651-153311667,Enhancer
CCB,CACNB4,2,152564775-152568412,Enhancer
CCB,CACNB4,2,152573345-152574228,Enhancer
CCB,CACNB4,2,152700971-152701203,Enhancer
CCB,CACNB4,2,153319291-153319615,Enhancer
CCB,CACNB4,2,152757130-152757527,Enhancer
CCB,CACNB4,2,152860915-152861914,Enhancer
CCB,CACNB4,2,152899381-152899610,Enhancer
CCB,CACNB4,2,152036987-152037136,Enhancer
CCB,CACNB4,2,152735004-152736098,Enhancer
CCB,CACNB4,2,152742479-152743543,Enhancer
CCB,CACNB4,2,152887915-152888514,Enhancer
CCB,CACNB4,2,152971717-152971973,Enhancer
CCB,CACNB4,2,152699171-152700353,Enhancer
CCB,CACNB4,2,152714201-152714370,Enhancer
CCB,CACNB4,2,152789657-152790028,Enhancer
CCB,CACNB4,2,152748315-152748714,Enhancer
CCB,CACNB4,2,152774315-152775314,Enhancer
CCB,CACNB4,2,152800230-152802596,Enhancer
CCB,CACNB4,2,152800061-152800210,Enhancer
CCB,CACNG1,17,65040652-65052913,Gene
CCB,CACNG1,17,65038563-65044391,Promoter/Enhancer
CCB,CACNG1,17,65239492-65244198,Promoter/Enhancer
CCB,CACNG1,17,65049530-65051511,Enhancer
CCB,CACNG1,17,65106597-65109013,Enhancer
CCB,CACNG1,17,65090722-65092662,Enhancer
CCB,CACNG1,17,65253360-65257469,Enhancer
CCB,CACNG1,17,65154098-65154970,Enhancer
CCB,CACNG1,17,65276135-65278586,Enhancer
CCB,CACNG1,17,65052236-65053547,Enhancer
CCB,CACNG1,17,65234500-65237415,Enhancer
CCB,CACNG1,17,65045559-65048695,Enhancer
CCB,CACNG1,17,65103906-65106201,Enhancer
CCB,CACNG1,17,65211601-65212541,Enhancer
CCB,CACNG1,17,65072516-65072985,Enhancer
CCB,CACNG1,17,65055208-65056211,Enhancer
CCB,CACNA1C,12,2079952-2807115,Gene
CCB,CACNA1C,12,2161566-2164566,Promoter/Enhancer
CCB,CACNA1C,12,2081194-2082566,Enhancer
CCB,CACNA1C,12,2079295-2081006,Enhancer
CCB,CACNA1C,12,2691972-2692849,Enhancer
CCB,CACNA1C,12,2143967-2144936,Enhancer
CCB,CACNA1C,12,2183654-2186279,Enhancer
CCB,CACNA1C,12,2372777-2379299,Enhancer
CCB,CACNA1C,12,2216896-2226195,Enhancer
CCB,CACNA1C,12,1767798-1773105,Enhancer
CCB,CACNA1C,12,2161154-2161552,Enhancer
CCB,CACNA1C,12,2419663-2421680,Enhancer
CCB,CACNA1C,12,2228156-2230922,Enhancer
CCB,CACNA1C,12,2206541-2209473,Enhancer
CCB,CACNA1C,12,2364427-2364812,Enhancer
CCB,CACNA1C,12,2444050-2449090,Enhancer
CCB,CACNA1C,12,2181896-2183390,Enhancer
CCB,CACNA1C,12,2210028-2211778,Enhancer
CCB,CACNA1C,12,2200243-2201838,Enhancer
CCB,CACNA1C,12,2112379-2114467,Promoter/Enhancer
CCB,CACNA1C,12,2101946-2105129,Enhancer
CCB,CACNA1C,12,2044799-2047397,Enhancer
CCB,CACNA1C,12,2118861-2119010,Enhancer
CCB,CACNA1C,12,2121501-2121650,Enhancer
CCB,CACNA1C,12,2048444-2049910,Enhancer
CCB,CACNA1C,12,2122654-2123350,Enhancer
CCB,CACNA1C,12,2075648-2076741,Enhancer
CCB,CACNA1C,12,2058121-2060041,Enhancer
CCB,CACNA1C,12,2055375-2057136,Enhancer
CCB,CACNA1C,12,2120201-2121450,Enhancer
CCB,CACNA1C,12,2117981-2118130,Enhancer
CCB,CACNA1C,12,2173006-2173941,Enhancer
CCB,CACNA1C,12,2082932-2084071,Enhancer
CCB,CACNA1C,12,2069591-2073188,Enhancer
CCB,CACNA1C,12,2089853-2091243,Enhancer
CCB,CACNA1C,12,2166481-2166670,Enhancer
CCB,CACNA1C,12,2466656-2469074,Enhancer
CCB,CACNA1C,12,2403410-2405816,Enhancer
CCB,CACNA1C,12,2356637-2359010,Enhancer
CCB,CACNA1C,12,2057237-2057501,Enhancer
CCB,CACNA1C,12,2431967-2434188,Enhancer
CCB,CACNA1C,12,2352323-2354776,Enhancer
CCB,CACNA1C,12,2365074-2366654,Enhancer
CCB,CACNA1C,12,2391640-2398088,Enhancer
CCB,CACNA1C,12,2450181-2451861,Enhancer
CCB,CACNA1C,12,2164767-2165166,Enhancer
CCB,CACNA1C,12,2277277-2279377,Enhancer
CCB,CACNA1C,12,2271349-2274081,Enhancer
CCB,CACNA1C,12,2322103-2323450,Enhancer
CCB,CACNA1C,12,2110661-2111403,Enhancer
CCB,CACNA1C,12,2288839-2290765,Enhancer
CCB,CACNA1C,12,2347936-2349143,Enhancer
CCB,CACNA1C,12,2415078-2416557,Enhancer
CCB,CACNA1C,12,2306940-2308560,Enhancer
CCB,CACNA1C,12,2292498-2294028,Enhancer
CCB,CACNA1C,12,2453367-2455170,Enhancer
CCB,CACNA1C,12,2084572-2086775,Enhancer
CCB,CACNA1C,12,2087127-2087591,Enhancer
CCB,CACNA1C,12,2095160-2096573,Enhancer
CCB,CACNA1C,12,2139487-2143377,Enhancer
CCB,CACNA1C,12,2175103-2177148,Enhancer
CCB,CACNA1C,12,2262602-2264090,Enhancer
CCB,CACNA1C,12,2193334-2194490,Enhancer
CCB,CACNA1C,12,2409918-2412424,Enhancer
CCB,CACNA1C,12,2158809-2159784,Enhancer
CCB,CACNA1C,12,2359329-2360982,Enhancer
CCB,CACNA1C,12,2428657-2429566,Enhancer
CCB,CACNA1C,12,2400461-2400630,Enhancer
CCB,CACNA1C,12,2119384-2120057,Enhancer
CCB,CACNA1C,12,2203341-2204336,Enhancer
CCB,CACNA1C,12,2170143-2171251,Enhancer
CCB,CACNA1C,12,2281781-2281930,Enhancer
CCB,CACNA1C,12,2260436-2262389,Enhancer
CCB,CACNA1C,12,2302013-2306687,Enhancer
CCB,CACNA1C,12,2368400-2369290,Enhancer
CCB,CACNA1C,12,2442171-2442390,Enhancer
CCB,CACNA1C,12,2270781-2270930,Enhancer
CCB,CACNA1C,12,2339165-2339784,Enhancer
CCB,CACNA1C,12,2238381-2238550,Enhancer
CCB,CACNA1C,12,2268934-2269887,Enhancer
CCB,CACNA1C,12,2254615-2256378,Enhancer
CCB,CACNA1C,12,2342039-2342990,Enhancer
CCB,CACNA1C,12,2428367-2428566,Enhancer
CCB,CACNA1C,12,2427157-2427717,Enhancer
CCB,CACNA1C,12,2398761-2400405,Enhancer
CCB,CACNA1C,12,2335414-2336748,Enhancer
CCB,CACNA1C,12,2167767-2169880,Enhancer
CCB,CACNA1C,12,2148495-2149324,Enhancer
CCB,CACNA1C,12,2138706-2139344,Enhancer
CCB,CACNA1C,12,2171351-2172258,Enhancer
CCB,CACNA1C,12,2245167-2245366,Enhancer
CCB,CACNA1C,12,2246831-2248330,Enhancer
CCB,CACNA1C,12,2280498-2280632,Enhancer
CCB,CACNA1C,12,2281401-2281550,Enhancer
CCB,CACNA1C,12,2265561-2265750,Enhancer
CCB,CACNA1C,12,2407617-2408956,Enhancer
CCB,CACNA1C,12,2192366-2192566,Enhancer
CCB,CACNA1C,12,2274261-2274410,Enhancer
CCB,CACNA1C,12,2281201-2281350,Enhancer
CCB,CACNA1C,12,2442567-2442967,Enhancer
CCB,CACNA1C,12,2441541-2441690,Enhancer
CCB,CACNA1C,12,2451967-2452766,Enhancer
CCB,CACNA1C,12,2416801-2416950,Enhancer
CCB,CACNA1C,12,2323730-2325500,Enhancer
CCB,CACNA1C,12,2349249-2351414,Enhancer
CCB,CACNA1C,12,2380803-2386142,Enhancer
CCB,CACNA1C,12,2336889-2337604,Enhancer
CCB,CACNA1C,12,2457223-2458492,Enhancer
CCB,CACNA1C,12,2249789-2251721,Enhancer
CCB,CACNA1C,12,2294781-2295709,Enhancer
CCB,CACNA1C,12,2186647-2187626,Enhancer
CCB,CACNA1C,12,2438360-2439517,Enhancer
CCB,CACNA1C,12,2407095-2407603,Enhancer
CCB,CACNA1C,12,2386355-2387332,Enhancer
CCB,CACNA1C,12,2328750-2331231,Enhancer
CCB,CACNA1C,12,2400774-2402962,Enhancer
CCB,CACNA1C,12,2245404-2246734,Enhancer
CCB,CACNA1C,12,2274438-2275487,Enhancer
CCB,CACNA1C,12,2195393-2196970,Enhancer
CCB,CACNA1C,12,2233400-2237679,Enhancer
CCB,CACNA1C,12,2283997-2286741,Enhancer
CCB,CACNA1C,12,2287176-2288132,Enhancer
CCB,CACNA1C,12,2258324-2259667,Enhancer
CCB,CACNA1C,12,2343203-2345601,Enhancer
CCB,CACNA1C,12,2299019-2299959,Enhancer
CCB,CACNA1C,12,2412745-2414119,Enhancer
CCB,CACNA1C,12,2188468-2189111,Enhancer
CCB,CACNA1C,12,2434584-2435528,Enhancer
CCB,CACNA1C,12,2316947-2318292,Enhancer
CCB,CACNA1C,12,2333218-2334248,Enhancer
CCB,CACNA1C,12,2331290-2332420,Enhancer
CCB,CACNA1C,12,2440488-2441051,Enhancer
CCB,CACNA1C,12,2320137-2320914,Enhancer
CCB,CACNA1C,12,2326691-2328736,Enhancer
CCB,CACNA1C,12,2649836-2650311,Enhancer
CCB,CACNA1C,12,2506981-2507050,Enhancer
CCB,CACNA1C,12,2659879-2661404,Enhancer
CCB,CACNA1C,12,2515793-2516578,Enhancer
CCB,CACNA1C,12,2522460-2525715,Enhancer
CCB,CACNA1C,12,2526621-2527392,Enhancer
CCB,CACNA1C,12,2695181-2696063,Enhancer
CCB,CACNA1C,12,2543714-2545518,Enhancer
CCB,CACNA1C,12,2721754-2724057,Enhancer
CCB,CACNA1C,12,2547538-2548942,Enhancer
CCB,CACNA1C,12,2497459-2500942,Enhancer
CCB,CACNA1C,12,2733321-2734829,Enhancer
CCB,CACNA1C,12,2555271-2555641,Enhancer
CCB,CACNA1C,12,2558507-2559370,Enhancer
CCB,CACNA1C,12,2649619-2649812,Enhancer
CCB,CACNA1C,12,2736852-2737810,Enhancer
CCB,CACNA1C,12,2504526-2506285,Enhancer
CCB,CACNA1C,12,2740641-2741724,Enhancer
CCB,CACNA1C,12,2511126-2512729,Enhancer
CCB,CACNA1C,12,2512831-2514124,Enhancer
CCB,CACNA1C,12,2565222-2568247,Enhancer
CCB,CACNA1C,12,2749071-2750838,Enhancer
CCB,CACNA1C,12,2518209-2521853,Enhancer
CCB,CACNA1C,12,2463531-2463940,Enhancer
CCB,CACNA1C,12,2792481-2792530,Enhancer
CCB,CACNA1C,12,2792101-2792350,Enhancer
CCB,CACNA1C,12,2791561-2791670,Enhancer
CCB,CACNA1C,12,2791761-2791970,Enhancer
CCB,CACNA1C,12,2473710-2474314,Enhancer
CCB,CACNA1C,12,2603721-2603850,Enhancer
CCB,CACNA1C,12,2724729-2726058,Enhancer
CCB,CACNA1C,12,2500386-2500884,Enhancer
CCB,CACNA1C,12,2552550-2553765,Enhancer
CCB,CACNA1C,12,2561981-2563825,Enhancer
CCB,CACNA1C,12,2559627-2561813,Enhancer
CCB,CACNA1C,12,2488061-2488210,Enhancer
CCB,CACNA1C,12,2531341-2532583,Enhancer
CCB,CACNA1C,12,2537218-2542473,Enhancer
CCB,CACNA1C,12,2489067-2491096,Enhancer
CCB,CACNA1C,12,2471978-2473410,Enhancer
CCB,CACNA1C,12,2608221-2608370,Enhancer
CCB,CACNA1C,12,2613061-2613207,Enhancer
CCB,CACNA1C,12,2610308-2611812,Enhancer
CCB,CACNA1C,12,2481105-2484809,Enhancer
CCB,CACNA1C,12,2486081-2486390,Enhancer
CCB,CACNA1C,12,2491894-2495082,Enhancer
TD,SLC12A3,16,56899119-56949762,Gene
TD,SLC12A3,16,56899070-56899129,Promoter
TD,SLC12A3,16,56964403-56974458,Promoter/Enhancer
TD,SLC12A3,16,56839748-56841942,Enhancer
TD,SLC12A3,16,56834256-56834865,Enhancer
TD,SLC12A3,16,56893506-56897709,Enhancer
TD,SLC12A3,16,56903512-56904197,Enhancer
TD,SLC12A3,16,56901241-56901712,Enhancer
TD,SLC12A3,16,56905112-56905513,Enhancer
TD,SLC12A3,16,56948424-56953992,Enhancer
TD,SLC12A3,16,56942554-56948010,Enhancer
TD,SLC12A3,16,56908210-56909649,Enhancer
TD,SLC12A3,16,56932921-56933070,Enhancer
