"","MarkerName","Allele1","Allele2","Freq1","FreqSE","MinFreq","MaxFreq","Weight","Zscore","P-value","Direction","V1","V2","Target gene","Function","Drug","rsid","pval","id"
"1","rs4292","t","c",0.6363,0.0601,0.6244,0.9522,264544,-6.561,5.337e-11,"-+---","17",61554341,"ACE","Promoter/Enhancer","ACEI","rs4292",5.337e-11,"j8AL7n"
"2","rs1801253","c","g",0.7317,0.0227,0.5412,0.7736,264009,8.371,5.714e-17,"+--++","10",115805056,"ADRB1","Gene","BB","rs1801253",5.714e-17,"j8AL7n"
"3","rs893363","a","g",0.6028,0.0644,0.2561,0.9602,265139,4.049,5.147e-05,"+++-+","3",53847062,"CACNA1D","Gene","CCB","rs893363",5.147e-05,"j8AL7n"
"4","rs9841978","a","g",0.3257,0.0233,0.2292,0.4551,264191,6.351,2.137e-10,"+-+++","3",53730735,"CACNA1D","Gene","CCB","rs9841978",2.137e-10,"j8AL7n"
"5","rs1467913","a","c",0.1618,0.081,0.1015,0.6387,264499,4.246,2.181e-05,"+++++","3",50525017,"CACNA2D2","Gene","CCB","rs1467913",2.181e-05,"j8AL7n"
"6","rs150446556","t","c",0.7202,0.0351,0.7128,0.9809,264874,10.803,3.319e-27,"++++-","10",18715942,"CACNB2","Gene","CCB","rs150446556",3.319e-27,"j8AL7n"
"7","rs10828276","a","c",0.0661,0.0089,0.0074,0.1085,265067,5.204,1.951e-07,"+---+","10",18443616,"CACNB2","Gene","CCB","rs10828276",1.951e-07,"j8AL7n"
"8","rs6489478","a","g",0.2702,0.0214,0.2665,0.4873,265074,4.48,7.473e-06,"+++++","12",495842,"CACNB3","Promoter/Enhancer","CCB","rs6489478",7.473e-06,"j8AL7n"
"9","rs13429172","a","c",0.6113,0.0275,0.6053,0.7497,264527,4.282,1.853e-05,"+++-+","2",152947703,"CACNB4","Gene","CCB","rs13429172",1.853e-05,"j8AL7n"
"10","rs9889363","a","t",0.3692,0.0383,0.1652,0.3817,265139,4.601,4.203e-06,"+-+++","17",6524298,"CACNG1","Promoter/Enhancer","CCB","rs9889363",4.203e-06,"j8AL7n"
"11","rs61920379","a","g",0.5511,0.0857,0.532,0.9655,265110,-5.912,3.376e-09,"--++-","12",27198075,"CACNA1C","Gene","CCB","rs61920379",3.376e-09,"j8AL7n"
"12","rs1480043","t","c",0.5201,0.0793,0.5039,0.9381,263875,-4.003,6.247e-05,"--++-","12",26389769,"CACNA1C","Gene","CCB","rs1480043",6.247e-05,"j8AL7n"
"13","rs200972596","g","gaa",0.7946,0.0271,0.762,0.9929,264749,-4.187,2.833e-05,"-+-+-","12",23734822,"CACNA1C","Gene","CCB","rs200972596",2.833e-05,"j8AL7n"
"14","rs2283294","t","c",0.5716,0.0855,0.134,0.5895,264511,4.498,6.852e-06,"+++-+","12",2423620,"CACNA1C","Gene","CCB","rs2283294",6.852e-06,"j8AL7n"
